,Title,Company,Location
0,Computer Vision / Data Science Intern,Triangulate Labs,"Cincinnati, OH"
1,Data Science Intern - Fall 2022,Signify,Remote
2,"Internship, Data Science",Tiffany & Co,"New York, NY
+1 location"
3,Data Science Intern,Altair Engineering,"Troy, MI"
4,Data Analytics / Data Science Intern,Northwell Health,"Lake Success, NY"
5,ML Ops and Research Data Science - Graduate Intern,Highmark Health,Pennsylvania
6,Data Science Intern- Forecasting,Bosch Group,"Sunnyvale, CA 94085
(East Murphy area)"
7,Data Science Demand Forecasting Intern at UIUC Research Park...,Cargill,"Champaign, IL"
8,Data Science Intern,Level,"Remote in New York, NY 10013"
9,Summer Analyst Internship Program (Remote),"Cognosante, LLC",Remote
10,Data Science Internship,Invoca,"Remote in Santa Barbara, CA"
11,Student Intern Data Science,AiCure,"New York, NY"
12,Pricing Data Science Intern,Camping World,"Remote in Lincolnshire, IL 60069
+1 location"
13,"Data Science Intern, Recommender Systems",NVIDIA,"Santa Clara, CA"
14,14,Schneider Electric,"Boston, MA"
